{
    "metrics": {
        "data_sent": {
            "count": 3176209596,
            "rate": 52707504.15554485
        },
        "checks": {
            "passes": 6056,
            "fails": 0,
            "thresholds": {
                "rate>0.99": false
            },
            "value": 1
        },
        "http_req_waiting": {
            "med": 0.6054999999999999,
            "max": 538.371,
            "p(90)": 314.8116,
            "p(95)": 327.80735,
            "avg": 103.65955228974047,
            "min": 0.043
        },
        "http_req_duration{expected_response:true}": {
            "avg": 105.79827344782022,
            "min": 0.06,
            "med": 5.962,
            "max": 538.895,
            "p(90)": 315.1554,
            "p(95)": 328.28824999999995
        },
        "iterations": {
            "count": 3028,
            "rate": 50.248044960251356
        },
        "http_req_duration{op:put}": {
            "avg": 310.21577311756937,
            "min": 77.042,
            "med": 305.88800000000003,
            "max": 538.895,
            "p(90)": 337.05710000000005,
            "p(95)": 355.3495,
            "thresholds": {
                "p(95)<100000": false
            }
        },
        "http_reqs": {
            "count": 9084,
            "rate": 150.74413488075407
        },
        "vus_max": {
            "max": 16,
            "value": 16,
            "min": 16
        },
        "http_req_duration": {
            "avg": 105.79827344782022,
            "min": 0.06,
            "med": 5.962,
            "max": 538.895,
            "p(90)": 315.1554,
            "p(95)": 328.28824999999995
        },
        "vus": {
            "max": 16,
            "value": 16,
            "min": 16
        },
        "http_req_duration{op:get}": {
            "avg": 3.5895236129458334,
            "min": 0.06,
            "med": 3.662,
            "max": 78.15,
            "p(90)": 7.4755,
            "p(95)": 9.035999999999996,
            "thresholds": {
                "p(95)<100000": false
            }
        },
        "http_req_connecting": {
            "avg": 0.0029503522677234704,
            "min": 0,
            "med": 0,
            "max": 1.966,
            "p(90)": 0,
            "p(95)": 0
        },
        "iteration_duration": {
            "max": 563.3665,
            "p(90)": 346.35432050000003,
            "p(95)": 366.76087314999995,
            "avg": 317.79939326056814,
            "min": 86.057416,
            "med": 313.092958
        },
        "http_req_tls_handshaking": {
            "avg": 0,
            "min": 0,
            "med": 0,
            "max": 0,
            "p(90)": 0,
            "p(95)": 0
        },
        "http_req_sending": {
            "med": 0.009,
            "max": 11.392,
            "p(90)": 0.347,
            "p(95)": 0.396,
            "avg": 0.12349317481285771,
            "min": 0.002
        },
        "http_req_failed": {
            "passes": 0,
            "fails": 9084,
            "value": 0
        },
        "data_received": {
            "count": 3182688685,
            "rate": 52815021.18175802
        },
        "http_req_blocked": {
            "avg": 0.005846213121973406,
            "min": 0,
            "med": 0.002,
            "max": 1.985,
            "p(90)": 0.003,
            "p(95)": 0.004
        },
        "http_req_receiving": {
            "avg": 2.0152279832672897,
            "min": 0.007,
            "med": 0.04,
            "max": 76.209,
            "p(90)": 6.186,
            "p(95)": 7.375
        }
    },
    "root_group": {
        "name": "",
        "path": "",
        "id": "d41d8cd98f00b204e9800998ecf8427e",
        "groups": {},
        "checks": {
                "PUT ok": {
                    "path": "::PUT ok",
                    "id": "08f629c076fc88f051607260980b5dc0",
                    "passes": 3028,
                    "fails": 0,
                    "name": "PUT ok"
                },
                "GET ok": {
                    "path": "::GET ok",
                    "id": "b2f130decc979e7ed319000d28960cb2",
                    "passes": 3028,
                    "fails": 0,
                    "name": "GET ok"
                }
            }
    }
}