{
    "root_group": {
        "id": "d41d8cd98f00b204e9800998ecf8427e",
        "groups": {},
        "checks": {
                "PUT ok": {
                    "name": "PUT ok",
                    "path": "::PUT ok",
                    "id": "08f629c076fc88f051607260980b5dc0",
                    "passes": 659,
                    "fails": 7
                },
                "GET ok": {
                    "passes": 658,
                    "fails": 8,
                    "name": "GET ok",
                    "path": "::GET ok",
                    "id": "b2f130decc979e7ed319000d28960cb2"
                }
            },
        "name": "",
        "path": ""
    },
    "metrics": {
        "http_req_blocked": {
            "med": 0.004,
            "max": 23.182,
            "p(90)": 0.287,
            "p(95)": 0.4084999999999997,
            "avg": 0.24072576594675787,
            "min": 0.001
        },
        "data_sent": {
            "count": 11093905718,
            "rate": 166834174.74474862
        },
        "http_reqs": {
            "count": 1991,
            "rate": 29.941379561018774
        },
        "data_received": {
            "count": 11062045849,
            "rate": 166355054.48834816
        },
        "vus_max": {
            "value": 64,
            "min": 64,
            "max": 64
        },
        "http_req_failed": {
            "passes": 15,
            "fails": 1976,
            "value": 0.007533902561526871
        },
        "http_req_duration{op:get}": {
            "min": 0.099,
            "med": 3.984,
            "max": 648.431,
            "p(90)": 309.8894,
            "p(95)": 336.7064,
            "avg": 128.13733207547176,
            "thresholds": {
                "p(95)<100000": false
            }
        },
        "http_req_duration": {
            "max": 7941.436,
            "p(90)": 6208.65,
            "p(95)": 6495.166499999999,
            "avg": 2034.1610125565048,
            "min": 0,
            "med": 255.202
        },
        "http_req_tls_handshaking": {
            "avg": 0,
            "min": 0,
            "med": 0,
            "max": 0,
            "p(90)": 0,
            "p(95)": 0
        },
        "http_req_receiving": {
            "avg": 84.84695831240585,
            "min": 0,
            "med": 0.059,
            "max": 647.205,
            "p(90)": 287.662,
            "p(95)": 320.75299999999993
        },
        "iterations": {
            "count": 666,
            "rate": 10.015549365966098
        },
        "http_req_connecting": {
            "avg": 0.22144399799095923,
            "min": 0,
            "med": 0,
            "max": 23.127,
            "p(90)": 0.238,
            "p(95)": 0.3134999999999999
        },
        "http_req_sending": {
            "max": 6357.313,
            "p(90)": 5403.781,
            "p(95)": 5631.3515,
            "avg": 1687.19827624309,
            "min": 0,
            "med": 0.021
        },
        "http_req_waiting": {
            "p(95)": 866.0864999999998,
            "avg": 262.1157780010043,
            "min": 0,
            "med": 0.749,
            "max": 2561.419,
            "p(90)": 812.989
        },
        "vus": {
            "value": 12,
            "min": 12,
            "max": 64
        },
        "iteration_duration": {
            "p(90)": 6841.02375,
            "p(95)": 7070.2221872499995,
            "avg": 6095.248086496999,
            "min": 2.705875,
            "med": 6276.7038545,
            "max": 8110.156458
        },
        "http_req_duration{expected_response:true}": {
            "max": 7941.436,
            "p(90)": 6209.7225,
            "p(95)": 6501.997749999999,
            "avg": 2046.8114119433203,
            "min": 0.099,
            "med": 256.3035
        },
        "http_req_duration{op:put}": {
            "med": 6000.018,
            "max": 7941.436,
            "p(90)": 6627.05,
            "p(95)": 6847.883,
            "avg": 5826.175091591593,
            "min": 0,
            "thresholds": {
                "p(95)<100000": false
            }
        },
        "checks": {
            "passes": 1317,
            "fails": 15,
            "thresholds": {
                "rate>0.99": true
            },
            "value": 0.9887387387387387
        }
    }
}