{
    "root_group": {
        "name": "",
        "path": "",
        "id": "d41d8cd98f00b204e9800998ecf8427e",
        "groups": {},
        "checks": {
                "PUT ok": {
                    "name": "PUT ok",
                    "path": "::PUT ok",
                    "id": "08f629c076fc88f051607260980b5dc0",
                    "passes": 1838,
                    "fails": 0
                },
                "GET ok": {
                    "name": "GET ok",
                    "path": "::GET ok",
                    "id": "b2f130decc979e7ed319000d28960cb2",
                    "passes": 1838,
                    "fails": 0
                }
            }
    },
    "metrics": {
        "iteration_duration": {
            "max": 2847.431125,
            "p(90)": 2191.8033294,
            "p(95)": 2220.79678125,
            "avg": 2125.0989908318825,
            "min": 280.224459,
            "med": 2133.8685830000004
        },
        "http_req_duration": {
            "avg": 708.1095342763875,
            "min": 0.079,
            "med": 31.792,
            "max": 2780.855,
            "p(90)": 2118.8977,
            "p(95)": 2140.9677
        },
        "http_req_failed": {
            "passes": 0,
            "fails": 5514,
            "value": 0
        },
        "vus_max": {
            "value": 64,
            "min": 64,
            "max": 64
        },
        "checks": {
            "passes": 3676,
            "fails": 0,
            "thresholds": {
                "rate>0.99": false
            },
            "value": 1
        },
        "data_sent": {
            "count": 7709805716,
            "rate": 124361599.86729267
        },
        "data_received": {
            "count": 7725035530,
            "rate": 124607261.57453786
        },
        "http_req_connecting": {
            "max": 8.333,
            "p(90)": 0,
            "p(95)": 0,
            "avg": 0.059865252085600215,
            "min": 0,
            "med": 0
        },
        "iterations": {
            "count": 1838,
            "rate": 29.647520180920203
        },
        "http_req_receiving": {
            "avg": 10.498375045339111,
            "min": 0.007,
            "med": 0.039,
            "max": 83.74,
            "p(90)": 36.4527,
            "p(95)": 41.8745
        },
        "http_req_duration{expected_response:true}": {
            "p(95)": 2140.9677,
            "avg": 708.1095342763875,
            "min": 0.079,
            "med": 31.792,
            "max": 2780.855,
            "p(90)": 2118.8977
        },
        "http_req_blocked": {
            "max": 8.366,
            "p(90)": 0.004,
            "p(95)": 0.02469999999999951,
            "avg": 0.06467791077257674,
            "min": 0,
            "med": 0.003
        },
        "http_req_sending": {
            "avg": 137.45794432353978,
            "min": 0.003,
            "med": 0.009,
            "max": 2444.497,
            "p(90)": 2.2207000000000003,
            "p(95)": 1827.27915
        },
        "http_req_duration{op:put}": {
            "p(90)": 2157.3597,
            "p(95)": 2183.8035999999997,
            "avg": 2091.8634766050077,
            "min": 247.878,
            "med": 2101.4195,
            "max": 2780.855,
            "thresholds": {
                "p(95)<100000": false
            }
        },
        "http_req_duration{op:get}": {
            "p(90)": 40.4665,
            "p(95)": 45.33274999999999,
            "avg": 16.23256311207833,
            "min": 0.079,
            "med": 9.062999999999999,
            "max": 87.527,
            "thresholds": {
                "p(95)<100000": false
            }
        },
        "http_reqs": {
            "count": 5514,
            "rate": 88.9425605427606
        },
        "http_req_tls_handshaking": {
            "avg": 0,
            "min": 0,
            "med": 0,
            "max": 0,
            "p(90)": 0,
            "p(95)": 0
        },
        "vus": {
            "value": 5,
            "min": 5,
            "max": 64
        },
        "http_req_waiting": {
            "p(90)": 2107.8855,
            "p(95)": 2127.9543,
            "avg": 560.1532149075083,
            "min": 0.05,
            "med": 0.647,
            "max": 2778.447
        }
    }
}