{
    "metrics": {
        "iteration_duration": {
            "max": 2557.803417,
            "p(90)": 2444.030604,
            "p(95)": 2459.8047604999997,
            "avg": 2360.993105518999,
            "min": 153.775334,
            "med": 2398.458542
        },
        "http_req_duration": {
            "min": 0.063,
            "med": 5.075,
            "max": 2551.149,
            "p(90)": 2411.9964,
            "p(95)": 2428.9348,
            "avg": 786.7783019702451
        },
        "http_req_tls_handshaking": {
            "avg": 0,
            "min": 0,
            "med": 0,
            "max": 0,
            "p(90)": 0,
            "p(95)": 0
        },
        "http_reqs": {
            "count": 9948,
            "rate": 159.6679779193375
        },
        "data_sent": {
            "count": 3478295544,
            "rate": 55827544.84482529
        },
        "iterations": {
            "count": 3316,
            "rate": 53.222659306445834
        },
        "http_req_duration{op:put}": {
            "p(95)": 2453.1479999999997,
            "avg": 2354.5754695416167,
            "min": 141.756,
            "med": 2392.6285,
            "max": 2551.149,
            "p(90)": 2437.655,
            "thresholds": {
                "p(95)<100000": false
            }
        },
        "http_req_connecting": {
            "p(90)": 0,
            "p(95)": 0.14259999999999823,
            "avg": 0.10104503417772416,
            "min": 0,
            "med": 0,
            "max": 12.773
        },
        "vus_max": {
            "max": 128,
            "value": 128,
            "min": 128
        },
        "data_received": {
            "count": 3485398828,
            "rate": 55941554.39376646
        },
        "checks": {
            "passes": 6632,
            "fails": 0,
            "thresholds": {
                "rate>0.99": false
            },
            "value": 1
        },
        "http_req_receiving": {
            "min": 0.007,
            "med": 0.038,
            "max": 15.972,
            "p(90)": 5.3373,
            "p(95)": 6.022249999999998,
            "avg": 1.5996290711701007
        },
        "vus": {
            "min": 22,
            "max": 128,
            "value": 22
        },
        "http_req_duration{op:get}": {
            "p(90)": 6.299,
            "p(95)": 7.2489,
            "avg": 2.879718184559715,
            "min": 0.063,
            "med": 3.4275,
            "max": 16.268,
            "thresholds": {
                "p(95)<100000": false
            }
        },
        "http_req_blocked": {
            "med": 0.002,
            "max": 17.429,
            "p(90)": 0.004,
            "p(95)": 0.173,
            "avg": 0.10626759147563426,
            "min": 0
        },
        "http_req_failed": {
            "passes": 0,
            "fails": 9948,
            "value": 0
        },
        "http_req_duration{expected_response:true}": {
            "avg": 786.7783019702451,
            "min": 0.063,
            "med": 5.075,
            "max": 2551.149,
            "p(90)": 2411.9964,
            "p(95)": 2428.9348
        },
        "http_req_waiting": {
            "min": 0.045,
            "med": 0.5435000000000001,
            "max": 2550.89,
            "p(90)": 2411.6571,
            "p(95)": 2428.58445,
            "avg": 784.6802070768024
        },
        "http_req_sending": {
            "avg": 0.4984658222758179,
            "min": 0.002,
            "med": 0.008,
            "max": 39.509,
            "p(90)": 0.36230000000000023,
            "p(95)": 0.442
        }
    },
    "root_group": {
        "path": "",
        "id": "d41d8cd98f00b204e9800998ecf8427e",
        "groups": {},
        "checks": {
                "PUT ok": {
                    "name": "PUT ok",
                    "path": "::PUT ok",
                    "id": "08f629c076fc88f051607260980b5dc0",
                    "passes": 3316,
                    "fails": 0
                },
                "GET ok": {
                    "fails": 0,
                    "name": "GET ok",
                    "path": "::GET ok",
                    "id": "b2f130decc979e7ed319000d28960cb2",
                    "passes": 3316
                }
            },
        "name": ""
    }
}