{
    "metrics": {
        "http_req_connecting": {
            "max": 138.678,
            "p(90)": 0.45220000000000005,
            "p(95)": 1.0724999999999967,
            "avg": 0.8683333333333335,
            "min": 0,
            "med": 0
        },
        "http_req_duration{op:get}": {
            "max": 3169.823,
            "p(90)": 2093.3965,
            "p(95)": 2311.433499999999,
            "avg": 846.8945516431933,
            "min": 0.122,
            "med": 298.412,
            "thresholds": {
                "p(95)<1000": true
            }
        },
        "http_req_blocked": {
            "avg": 0.922646322378718,
            "min": 0.002,
            "med": 0.01,
            "max": 139.034,
            "p(90)": 0.5962,
            "p(95)": 1.1324999999999974
        },
        "http_req_tls_handshaking": {
            "med": 0,
            "max": 0,
            "p(90)": 0,
            "p(95)": 0,
            "avg": 0,
            "min": 0
        },
        "http_req_failed": {
            "passes": 0,
            "fails": 639,
            "value": 0
        },
        "http_req_sending": {
            "avg": 5652.793893583722,
            "min": 0.005,
            "med": 0.042,
            "max": 23596.836,
            "p(90)": 20148.488999999998,
            "p(95)": 21053.7601
        },
        "http_req_waiting": {
            "max": 6000.298,
            "p(90)": 3161.3668000000002,
            "p(95)": 3588.7559,
            "avg": 1011.1026291079819,
            "min": 0.086,
            "med": 1.03
        },
        "data_sent": {
            "count": 14294266035,
            "rate": 162734335.3585074
        },
        "iterations": {
            "count": 213,
            "rate": 2.424917330242068
        },
        "http_req_duration{op:put}": {
            "p(95)": 25555.6628,
            "avg": 19989.53161032864,
            "min": 2244.704,
            "med": 22213.459,
            "max": 28862.403,
            "p(90)": 24777.179799999998,
            "thresholds": {
                "p(95)<10000": true
            }
        },
        "vus_max": {
            "value": 64,
            "min": 40,
            "max": 64
        },
        "checks": {
            "passes": 426,
            "fails": 0,
            "thresholds": {
                "rate>0.99": false
            },
            "value": 1
        },
        "http_req_receiving": {
            "med": 0.099,
            "max": 3168.406,
            "p(90)": 1932.2912000000001,
            "p(95)": 2174.994599999999,
            "avg": 563.8770485133017,
            "min": 0.013
        },
        "http_req_duration{expected_response:true}": {
            "p(90)": 23419.2474,
            "p(95)": 24309.2938,
            "avg": 7227.7735712050035,
            "min": 0.122,
            "med": 1676.99,
            "max": 28862.403
        },
        "vus": {
            "value": 4,
            "min": 0,
            "max": 64
        },
        "iteration_duration": {
            "min": 3617.730416,
            "med": 24261.839667,
            "max": 30113.385834,
            "p(90)": 26667.698674799998,
            "p(95)": 27386.118858199996,
            "avg": 21835.668586474156
        },
        "http_req_duration": {
            "min": 0.122,
            "med": 1676.99,
            "max": 28862.403,
            "p(90)": 23419.2474,
            "p(95)": 24309.2938,
            "avg": 7227.7735712050035
        },
        "http_reqs": {
            "rate": 7.274751990726205,
            "count": 639
        },
        "data_received": {
            "count": 14322204519,
            "rate": 163052403.49950406
        }
    },
    "root_group": {
        "id": "d41d8cd98f00b204e9800998ecf8427e",
        "groups": {},
        "checks": {
                "PUT ok": {
                    "name": "PUT ok",
                    "path": "::PUT ok",
                    "id": "08f629c076fc88f051607260980b5dc0",
                    "passes": 213,
                    "fails": 0
                },
                "GET ok": {
                    "id": "b2f130decc979e7ed319000d28960cb2",
                    "passes": 213,
                    "fails": 0,
                    "name": "GET ok",
                    "path": "::GET ok"
                }
            },
        "name": "",
        "path": ""
    }
}